010.sleep,test,python,http,,,0,1,1780304243,1780304247
040.server-reply,test,python,http,,,0,1,1780304247,1780304249
120.uploader,large,python,http,2048,300,0,1,1780304249,1780304253
210.thumbnailer,test,python,http,,,0,1,1780304253,1780304256
220.video-processing,large,python,http,2048,300,0,1,1780304256,1780304264
311.compression,large,python,http,,,0,1,1780304264,1780304267
411.image-recognition,test,python,http,,,0,1,1780304267,1780304273
501.graph-pagerank,small,python,http,,,0,1,1780304273,1780304275
502.graph-mst,small,python,http,,,0,1,1780304275,1780304278
503.graph-bfs,test,python,http,,,0,1,1780304278,1780304280
504.dna-visualisation,test,python,http,,,0,1,1780304280,1780304291
